Image,Prompt,MOS
dreamStudio_2_0_1_0.jpg,"dog, having pizza, wild, anime style",0.6483237116312175
deepai_6_4_0_0.jpg,"kid, having icecream, city, anime style",2.9100536977469265
deepai_9_8_1_1.jpg,"alien, playing yoga, wild, realistic style",2.2049528812389765
deepai_7_12_0_1.jpg,"man, wearing coat, city, realistic style",3.010083590210381
dreamStudio_7_2_0_1.jpg,"woman, playing football, city, realistic style",1.817529228072572
deepai_2_5_1_1.jpg,"dog, having pizza, wild, realistic style",3.3827217451295697
dreamStudio_2_6_0_1.jpg,"dog, using phone, city, realistic style",1.861856045860341
dreamStudio_1_8_0_1.jpg,"cat, wearing hat, city, realistic style",2.123137965784728
dreamStudio_8_4_1_0.jpg,"alien, using CD, wild, anime style",1.014558691338885
deepai_1_2_0_1.jpg,"cat, driving car, city, realistic style",3.2109579068295258
deepai_8_6_0_0.jpg,"woman, playing baseball, city, anime style",2.840670548071218
deepai_9_7_1_0.jpg,"alien, playing football, wild, anime style",2.431844269201167
dreamStudio_0_0_1_0.jpg,"bird, having pizza, wild, anime style",1.929463428846132
dreamStudio_2_0_0_0.jpg,"dog, having pizza, city, anime style",2.360954013661092
deepai_11_1_0_0.jpg,"witch, driving bike, city, anime style",2.840259079582451
deepai_1_11_1_1.jpg,"cat, using phone, wild, realistic style",2.18578275079978
dreamStudio_3_9_0_1.jpg,"batman, wearing shirt, city, realistic style",2.9170309883418963
deepai_11_14_0_1.jpg,"witch, wearing shirt, city, realistic style",2.925587108950876
deepai_11_3_0_0.jpg,"witch, having hamburger, city, anime style",2.8996768464705007
dreamStudio_2_7_1_0.jpg,"dog, wearing coat, wild, anime style",1.8072246259560016
deepai_9_6_1_1.jpg,"alien, playing baseball, wild, realistic style",3.134373148874395
deepai_6_9_0_0.jpg,"kid, using CD, city, anime style",2.985256986896803
deepai_3_11_1_0.jpg,"batman, using phone, wild, anime style",2.7283354119320564
dreamStudio_6_8_0_0.jpg,"man, wearing hat, city, anime style",2.23632785591785
deepai_7_0_0_0.jpg,"man, driving aircraft, city, anime style",2.987869703218017
dreamStudio_7_9_1_0.jpg,"woman, wearing shirt, wild, anime style",0.5230552518228433
dreamStudio_7_1_0_1.jpg,"woman, playing baseball, city, realistic style",2.481991319856012
dreamStudio_2_7_0_0.jpg,"dog, wearing coat, city, anime style",2.530612156271325
dreamStudio_5_0_0_1.jpg,"teddy bear, having pizza, city, realistic style",1.952799195036612
deepai_11_11_0_1.jpg,"witch, using phone, city, realistic style",3.418004366073328
dreamStudio_8_0_1_0.jpg,"alien, having pizza, wild, anime style",2.066685519104708
deepai_8_14_0_0.jpg,"woman, wearing shirt, city, anime style",3.1840137267150723
dreamStudio_1_1_0_1.jpg,"cat, playing baseball, city, realistic style",2.1752290917753987
deepai_1_9_1_1.jpg,"cat, using CD, wild, realistic style",3.311779749491203
deepai_4_0_1_0.jpg,"snoppy, driving aircraft, wild, anime style",3.1749057503456144
deepai_0_10_0_1.jpg,"bird, using laptop, city, realistic style",2.814587340886721
dreamStudio_5_7_0_0.jpg,"teddy bear, wearing coat, city, anime style",2.552294770431649
deepai_9_12_1_0.jpg,"alien, wearing coat, wild, anime style",2.817140011454028
deepai_1_14_0_1.jpg,"cat, wearing shirt, city, realistic style",3.0380151537521245
deepai_1_0_0_1.jpg,"cat, driving aircraft, city, realistic style",3.8156485844782906
deepai_4_14_0_0.jpg,"snoppy, wearing shirt, city, anime style",2.571837624741921
deepai_1_9_0_1.jpg,"cat, using CD, city, realistic style",2.957689413658044
deepai_0_5_0_1.jpg,"bird, having pizza, city, realistic style",1.987828400909992
deepai_10_1_0_0.jpg,"demon, driving bike, city, anime style",3.317391332254931
deepai_0_6_0_1.jpg,"bird, playing baseball, city, realistic style",2.452055512363988
deepai_11_6_0_0.jpg,"witch, playing baseball, city, anime style",3.3882119877783983
deepai_1_3_0_1.jpg,"cat, having hamburger, city, realistic style",2.7631279543703786
deepai_7_11_0_1.jpg,"man, using phone, city, realistic style",3.373352039090426
dreamStudio_6_6_1_0.jpg,"man, using phone, wild, anime style",0.1270278616456913
deepai_8_3_1_0.jpg,"woman, having hamburger, wild, anime style",2.8644500187356736
dreamStudio_3_4_1_1.jpg,"batman, using CD, wild, realistic style",1.36831956154017
dreamStudio_7_9_0_0.jpg,"woman, wearing shirt, city, anime style",2.461688419768944
deepai_9_12_0_0.jpg,"alien, wearing coat, city, anime style",2.940955655160127
dreamStudio_3_4_0_1.jpg,"batman, using CD, city, realistic style",3.3225181413617024
deepai_6_1_1_1.jpg,"kid, driving bike, wild, realistic style",3.3618005867999745
dreamStudio_0_3_0_0.jpg,"bird, playing yoga, city, anime style",2.048431269760679
deepai_2_0_1_1.jpg,"dog, driving aircraft, wild, realistic style",4.519808130937719
deepai_2_14_1_0.jpg,"dog, wearing shirt, wild, anime style",2.5571625022929743
dreamStudio_4_2_0_1.jpg,"snoppy, playing football, city, realistic style",1.637542659057607
deepai_8_5_1_0.jpg,"woman, having pizza, wild, anime style",2.447115982486144
deepai_1_8_1_0.jpg,"cat, playing yoga, wild, anime style",1.0793262818533391
deepai_6_4_1_0.jpg,"kid, having icecream, wild, anime style",2.657339390465279
deepai_10_8_0_1.jpg,"demon, playing yoga, city, realistic style",1.9209323427210665
deepai_1_8_0_1.jpg,"cat, playing yoga, city, realistic style",2.272963913656801
dreamStudio_0_3_1_0.jpg,"bird, playing yoga, wild, anime style",0.244374454951509
dreamStudio_1_8_0_0.jpg,"cat, wearing hat, city, anime style",2.00775527126692
deepai_5_3_0_1.jpg,"teddy bear, having hamburger, city, realistic style",2.186953846520402
deepai_9_1_0_1.jpg,"alien, driving bike, city, realistic style",2.87874203922548
deepai_11_7_0_1.jpg,"witch, playing football, city, realistic style",2.581591842370296
deepai_5_4_1_0.jpg,"teddy bear, having icecream, wild, anime style",2.998698444719273
dreamStudio_8_8_0_1.jpg,"alien, wearing hat, city, realistic style",1.0239161585165355
deepai_8_10_0_0.jpg,"woman, using laptop, city, anime style",2.5223581100704613
deepai_10_12_1_1.jpg,"demon, wearing coat, wild, realistic style",4.8777034274457725
deepai_2_9_0_1.jpg,"dog, using CD, city, realistic style",2.664948543395123
deepai_1_12_1_1.jpg,"cat, wearing coat, wild, realistic style",4.194483749246269
deepai_0_7_1_1.jpg,"bird, playing football, wild, realistic style",3.0434524751507066
deepai_3_9_0_1.jpg,"batman, using CD, city, realistic style",3.448440333626776
deepai_3_9_1_1.jpg,"batman, using CD, wild, realistic style",3.1368817695516897
deepai_4_10_1_1.jpg,"snoppy, using laptop, wild, realistic style",1.913948086362368
dreamStudio_7_8_0_1.jpg,"woman, wearing hat, city, realistic style",2.1946426165234976
dreamStudio_1_0_0_1.jpg,"cat, having pizza, city, realistic style",2.411318712344896
dreamStudio_6_6_0_1.jpg,"man, using phone, city, realistic style",1.2489566759132251
deepai_8_12_0_1.jpg,"woman, wearing coat, city, realistic style",3.2491094788488994
dreamStudio_6_3_1_1.jpg,"man, playing yoga, wild, realistic style",0.0229652907232351
dreamStudio_7_3_1_1.jpg,"woman, playing yoga, wild, realistic style",2.0665808671237005
deepai_10_12_0_1.jpg,"demon, wearing coat, city, realistic style",3.063561068602925
deepai_3_9_0_0.jpg,"batman, using CD, city, anime style",3.099126652298644
deepai_11_4_0_1.jpg,"witch, having icecream, city, realistic style",3.00806655063768
deepai_1_8_1_1.jpg,"cat, playing yoga, wild, realistic style",2.513355404085131
deepai_9_11_1_0.jpg,"alien, using phone, wild, anime style",2.597227050415684
deepai_1_8_0_0.jpg,"cat, playing yoga, city, anime style",2.729864278595828
dreamStudio_7_0_1_1.jpg,"woman, having pizza, wild, realistic style",1.1597808555431774
deepai_11_4_1_0.jpg,"witch, having icecream, wild, anime style",3.2665841714674584
deepai_3_5_0_0.jpg,"batman, having pizza, city, anime style",2.9228456878823565
dreamStudio_7_6_0_0.jpg,"woman, using phone, city, anime style",2.658548577368768
deepai_10_12_0_0.jpg,"demon, wearing coat, city, anime style",3.052022801436039
deepai_4_2_0_1.jpg,"snoppy, driving car, city, realistic style",3.018376319810584
deepai_0_8_0_0.jpg,"bird, playing yoga, city, anime style",2.6334824596092368
dreamStudio_4_7_0_0.jpg,"snoppy, wearing coat, city, anime style",0.3490028584088196
deepai_11_1_1_0.jpg,"witch, driving bike, wild, anime style",2.9885622741091584
deepai_7_13_1_1.jpg,"man, wearing hat, wild, realistic style",3.185411403467083
deepai_5_14_1_0.jpg,"teddy bear, wearing shirt, wild, anime style",3.4433290659595723
dreamStudio_8_3_0_0.jpg,"alien, playing yoga, city, anime style",0.0475270929741048
deepai_6_14_0_0.jpg,"kid, wearing shirt, city, anime style",2.8634360007037305
dreamStudio_8_8_0_0.jpg,"alien, wearing hat, city, anime style",1.91430671017468
deepai_11_2_1_1.jpg,"witch, driving car, wild, realistic style",2.834853430996401
dreamStudio_1_6_1_0.jpg,"cat, using phone, wild, anime style",1.5727667861184005
dreamStudio_2_6_1_1.jpg,"dog, using phone, wild, realistic style",2.193231197886995
deepai_5_11_1_1.jpg,"teddy bear, using phone, wild, realistic style",3.0075847554046784
deepai_7_11_0_0.jpg,"man, using phone, city, anime style",2.9566369761604423
deepai_0_8_0_1.jpg,"bird, playing yoga, city, realistic style",2.909717951536864
deepai_8_9_1_0.jpg,"woman, using CD, wild, anime style",3.354544753257805
deepai_5_5_0_0.jpg,"teddy bear, having pizza, city, anime style",2.7762166178153884
dreamStudio_8_7_0_1.jpg,"alien, wearing coat, city, realistic style",2.25351471483635
dreamStudio_2_8_1_0.jpg,"dog, wearing hat, wild, anime style",1.7649038512497477
deepai_4_7_1_1.jpg,"snoppy, playing football, wild, realistic style",2.4856930614108554
dreamStudio_5_2_0_0.jpg,"teddy bear, playing football, city, anime style",1.9678865776251364
dreamStudio_6_9_1_0.jpg,"man, wearing shirt, wild, anime style",2.804391315013344
deepai_9_9_0_0.jpg,"alien, using CD, city, anime style",3.227773050205056
deepai_8_4_0_0.jpg,"woman, having icecream, city, anime style",3.6523143573329153
deepai_1_7_1_0.jpg,"cat, playing football, wild, anime style",2.734071997422264
deepai_8_11_0_1.jpg,"woman, using phone, city, realistic style",3.0837959366195693
dreamStudio_7_8_0_0.jpg,"woman, wearing hat, city, anime style",2.2445155757866164
dreamStudio_5_5_0_1.jpg,"teddy bear, using laptop, city, realistic style",1.361637579023926
dreamStudio_1_0_1_1.jpg,"cat, having pizza, wild, realistic style",1.516176276731957
deepai_3_7_0_1.jpg,"batman, playing football, city, realistic style",3.690139862972389
deepai_2_5_0_1.jpg,"dog, having pizza, city, realistic style",2.518289011135215
deepai_6_9_1_0.jpg,"kid, using CD, wild, anime style",2.719041260911834
deepai_2_12_0_1.jpg,"dog, wearing coat, city, realistic style",2.854808934947396
deepai_8_9_0_0.jpg,"woman, using CD, city, anime style",2.4080731747782127
deepai_7_1_1_1.jpg,"man, driving bike, wild, realistic style",2.847384669474931
deepai_0_2_0_1.jpg,"bird, driving car, city, realistic style",1.9520389498254769
deepai_11_9_1_0.jpg,"witch, using CD, wild, anime style",2.571760659669068
deepai_10_13_0_0.jpg,"demon, wearing hat, city, anime style",3.223602309039632
deepai_9_2_0_0.jpg,"alien, driving car, city, anime style",2.9034898166927765
deepai_1_13_0_0.jpg,"cat, wearing hat, city, anime style",2.6603860955509213
deepai_3_0_0_0.jpg,"batman, driving aircraft, city, anime style",2.919743189587783
dreamStudio_5_4_0_0.jpg,"teddy bear, using CD, city, anime style",1.8046561495916056
deepai_9_14_0_0.jpg,"alien, wearing shirt, city, anime style",2.7612373925012736
dreamStudio_3_3_1_1.jpg,"batman, playing yoga, wild, realistic style",1.3342977970123078
dreamStudio_6_4_1_1.jpg,"man, using CD, wild, realistic style",0.3282259817216417
deepai_9_0_1_0.jpg,"alien, driving aircraft, wild, anime style",3.001962501725639
dreamStudio_3_7_0_1.jpg,"batman, wearing coat, city, realistic style",1.4182268460400616
deepai_11_9_0_1.jpg,"witch, using CD, city, realistic style",3.234940333671545
deepai_5_0_1_1.jpg,"teddy bear, driving aircraft, wild, realistic style",2.4272653299504947
dreamStudio_3_1_0_0.jpg,"batman, playing baseball, city, anime style",1.4512889756909797
dreamStudio_1_7_0_1.jpg,"cat, wearing coat, city, realistic style",1.863484755199214
deepai_7_2_1_1.jpg,"man, driving car, wild, realistic style",3.348847829603564
dreamStudio_4_8_1_1.jpg,"snoppy, wearing hat, wild, realistic style",2.0067236483066515
dreamStudio_7_5_0_1.jpg,"woman, using laptop, city, realistic style",0.3925288247466516
deepai_4_14_0_1.jpg,"snoppy, wearing shirt, city, realistic style",2.9270372114105587
deepai_7_5_1_1.jpg,"man, having pizza, wild, realistic style",2.4681996144627303
deepai_5_11_1_0.jpg,"teddy bear, using phone, wild, anime style",2.7722570413854064
deepai_3_3_1_0.jpg,"batman, having hamburger, wild, anime style",2.482772180170141
deepai_5_4_1_1.jpg,"teddy bear, having icecream, wild, realistic style",2.6705270432923864
deepai_5_10_1_1.jpg,"teddy bear, using laptop, wild, realistic style",2.939346813672673
deepai_0_2_1_1.jpg,"bird, driving car, wild, realistic style",2.5190716388298653
deepai_4_9_0_0.jpg,"snoppy, using CD, city, anime style",2.944792510888916
deepai_10_13_1_0.jpg,"demon, wearing hat, wild, anime style",2.279589021192974
deepai_4_12_0_1.jpg,"snoppy, wearing coat, city, realistic style",2.57434709871222
dreamStudio_3_9_1_1.jpg,"batman, wearing shirt, wild, realistic style",2.011996011317628
dreamStudio_1_3_0_0.jpg,"cat, playing yoga, city, anime style",1.895473474922948
deepai_10_8_1_0.jpg,"demon, playing yoga, wild, anime style",3.2489577672270515
dreamStudio_5_8_1_1.jpg,"teddy bear, wearing hat, wild, realistic style",1.956786520016941
deepai_10_5_0_1.jpg,"demon, having pizza, city, realistic style",2.54259082120544
deepai_5_13_0_0.jpg,"teddy bear, wearing hat, city, anime style",2.808647039742693
deepai_11_13_0_0.jpg,"witch, wearing hat, city, anime style",3.132431168778041
deepai_7_8_1_1.jpg,"man, playing yoga, wild, realistic style",2.8004247723957927
deepai_11_6_1_0.jpg,"witch, playing baseball, wild, anime style",2.623047552200785
deepai_7_3_1_0.jpg,"man, having hamburger, wild, anime style",2.359499101895504
deepai_7_4_1_0.jpg,"man, having icecream, wild, anime style",2.871319479915184
deepai_4_10_1_0.jpg,"snoppy, using laptop, wild, anime style",2.5327066560356126
dreamStudio_0_6_0_1.jpg,"bird, using phone, city, realistic style",0.4951009162964396
deepai_5_14_1_1.jpg,"teddy bear, wearing shirt, wild, realistic style",1.4454728048782346
dreamStudio_2_4_1_1.jpg,"dog, using CD, wild, realistic style",1.5082737825382464
deepai_1_5_0_1.jpg,"cat, having pizza, city, realistic style",2.711853857884924
dreamStudio_4_9_0_1.jpg,"snoppy, wearing shirt, city, realistic style",2.333746632180828
dreamStudio_4_2_1_1.jpg,"snoppy, playing football, wild, realistic style",1.127198165233099
deepai_2_2_0_1.jpg,"dog, driving car, city, realistic style",2.650051945328929
deepai_2_13_0_0.jpg,"dog, wearing hat, city, anime style",2.2326454254535
dreamStudio_7_2_1_1.jpg,"woman, playing football, wild, realistic style",2.023062658200408
deepai_10_14_1_0.jpg,"demon, wearing shirt, wild, anime style",2.9787041957267464
dreamStudio_7_9_0_1.jpg,"woman, wearing shirt, city, realistic style",0.0653473531298647
dreamStudio_6_8_1_0.jpg,"man, wearing hat, wild, anime style",1.4798851621391789
deepai_4_3_0_0.jpg,"snoppy, having hamburger, city, anime style",2.790856529983844
deepai_5_12_0_0.jpg,"teddy bear, wearing coat, city, anime style",3.1210874203288657
deepai_1_14_0_0.jpg,"cat, wearing shirt, city, anime style",3.0169494844542943
dreamStudio_3_7_1_1.jpg,"batman, wearing coat, wild, realistic style",2.294439709019568
deepai_3_14_0_1.jpg,"batman, wearing shirt, city, realistic style",4.060928389696384
deepai_7_6_0_1.jpg,"man, playing baseball, city, realistic style",1.855141862814434
deepai_8_10_0_1.jpg,"woman, using laptop, city, realistic style",3.314756034439703
dreamStudio_4_4_0_1.jpg,"snoppy, using CD, city, realistic style",0.2120659938253002
deepai_0_3_1_1.jpg,"bird, having hamburger, wild, realistic style",2.9154277029880813
deepai_4_7_0_1.jpg,"snoppy, playing football, city, realistic style",2.1468655058602453
dreamStudio_1_0_1_0.jpg,"cat, having pizza, wild, anime style",2.285642412201704
deepai_11_0_0_0.jpg,"witch, driving aircraft, city, anime style",3.0638910909957264
dreamStudio_2_1_1_1.jpg,"dog, playing baseball, wild, realistic style",1.8064608138092704
deepai_2_4_1_0.jpg,"dog, having icecream, wild, anime style",2.7943480530653164
deepai_1_4_1_1.jpg,"cat, having icecream, wild, realistic style",2.4003286727845388
deepai_0_0_1_1.jpg,"bird, driving aircraft, wild, realistic style",2.4619764561843307
deepai_11_6_0_1.jpg,"witch, playing baseball, city, realistic style",3.218236480605641
deepai_8_7_0_0.jpg,"woman, playing football, city, anime style",2.6023934574331515
deepai_4_2_1_1.jpg,"snoppy, driving car, wild, realistic style",3.1789999454069684
deepai_10_8_1_1.jpg,"demon, playing yoga, wild, realistic style",2.74374665919574
dreamStudio_0_2_1_1.jpg,"bird, playing football, wild, realistic style",1.6088162289597192
deepai_5_9_1_0.jpg,"teddy bear, using CD, wild, anime style",1.930721832272127
dreamStudio_2_4_0_1.jpg,"dog, using CD, city, realistic style",1.5367059572847517
dreamStudio_8_9_1_1.jpg,"alien, wearing shirt, wild, realistic style",0.4414155439958131
dreamStudio_2_8_0_1.jpg,"dog, wearing hat, city, realistic style",2.79114606942223
deepai_6_6_1_0.jpg,"kid, playing baseball, wild, anime style",2.83480018417028
deepai_5_9_0_1.jpg,"teddy bear, using CD, city, realistic style",2.743026896939021
dreamStudio_6_8_1_1.jpg,"man, wearing hat, wild, realistic style",3.069217090333969
deepai_4_3_1_1.jpg,"snoppy, having hamburger, wild, realistic style",2.878229485267461
deepai_10_4_1_0.jpg,"demon, having icecream, wild, anime style",2.952086174961262
deepai_1_10_1_0.jpg,"cat, using laptop, wild, anime style",2.954689768213242
deepai_2_9_0_0.jpg,"dog, using CD, city, anime style",2.74649583810264
deepai_5_6_0_0.jpg,"teddy bear, playing baseball, city, anime style",2.25121159671943
dreamStudio_8_9_0_1.jpg,"alien, wearing shirt, city, realistic style",0.0168146777129282
dreamStudio_5_1_0_1.jpg,"teddy bear, playing baseball, city, realistic style",2.123548458543786
deepai_9_13_1_1.jpg,"alien, wearing hat, wild, realistic style",2.6629692283111672
deepai_10_8_0_0.jpg,"demon, playing yoga, city, anime style",3.968188037608752
dreamStudio_3_0_1_0.jpg,"batman, having pizza, wild, anime style",1.7234285346443703
deepai_11_1_0_1.jpg,"witch, driving bike, city, realistic style",3.1173529536579867
deepai_6_8_1_0.jpg,"kid, playing yoga, wild, anime style",2.9945510322994364
deepai_6_10_0_0.jpg,"kid, using laptop, city, anime style",2.8350884200200053
deepai_6_7_0_0.jpg,"kid, playing football, city, anime style",2.5312561640747853
deepai_0_1_0_1.jpg,"bird, driving bike, city, realistic style",2.685595472540848
dreamStudio_2_2_0_1.jpg,"dog, playing football, city, realistic style",0.0
deepai_10_6_1_0.jpg,"demon, playing baseball, wild, anime style",2.5341181811373863
deepai_6_2_0_1.jpg,"kid, driving car, city, realistic style",2.202310710629086
deepai_0_5_0_0.jpg,"bird, having pizza, city, anime style",2.53781285046323
deepai_2_7_1_1.jpg,"dog, playing football, wild, realistic style",2.646976638823776
dreamStudio_6_6_1_1.jpg,"man, using phone, wild, realistic style",1.4905061381569653
deepai_4_3_0_1.jpg,"snoppy, having hamburger, city, realistic style",2.4424082096397144
dreamStudio_6_4_0_0.jpg,"man, using CD, city, anime style",2.337633756735624
deepai_10_14_1_1.jpg,"demon, wearing shirt, wild, realistic style",3.520575375851976
deepai_9_11_0_0.jpg,"alien, using phone, city, anime style",2.8913031957845443
dreamStudio_3_4_1_0.jpg,"batman, using CD, wild, anime style",2.0884148967976355
deepai_3_2_0_0.jpg,"batman, driving car, city, anime style",3.483868244117217
deepai_5_14_0_0.jpg,"teddy bear, wearing shirt, city, anime style",1.95868359735412
dreamStudio_3_6_1_1.jpg,"batman, using phone, wild, realistic style",1.8640905751459087
deepai_11_12_1_1.jpg,"witch, wearing coat, wild, realistic style",2.925775501701658
deepai_9_4_0_0.jpg,"alien, having icecream, city, anime style",2.153327683465864
dreamStudio_3_2_0_0.jpg,"batman, playing football, city, anime style",2.049422905309106
deepai_3_10_0_1.jpg,"batman, using laptop, city, realistic style",3.6856897573174736
dreamStudio_3_3_0_0.jpg,"batman, playing yoga, city, anime style",2.164345471576569
dreamStudio_3_6_1_0.jpg,"batman, using phone, wild, anime style",1.838285879157899
dreamStudio_3_1_1_1.jpg,"batman, playing baseball, wild, realistic style",2.112409266392913
deepai_2_1_1_0.jpg,"dog, driving bike, wild, anime style",3.340079324272016
deepai_10_7_1_0.jpg,"demon, playing football, wild, anime style",2.667709961163516
deepai_11_8_1_1.jpg,"witch, playing yoga, wild, realistic style",2.35793184794063
deepai_7_8_1_0.jpg,"man, playing yoga, wild, anime style",2.143885326117197
deepai_3_11_1_1.jpg,"batman, using phone, wild, realistic style",2.312600598558171
dreamStudio_8_7_1_1.jpg,"alien, wearing coat, wild, realistic style",2.208382453393875
dreamStudio_0_3_0_1.jpg,"bird, playing yoga, city, realistic style",0.9663606481863166
dreamStudio_6_9_0_1.jpg,"man, wearing shirt, city, realistic style",1.9651109541803915
deepai_10_12_1_0.jpg,"demon, wearing coat, wild, anime style",2.6354072238545685
dreamStudio_3_3_1_0.jpg,"batman, playing yoga, wild, anime style",2.395625152059245
deepai_0_0_0_1.jpg,"bird, driving aircraft, city, realistic style",4.159969360254004
dreamStudio_0_6_0_0.jpg,"bird, using phone, city, anime style",0.895384556213153
deepai_11_2_0_0.jpg,"witch, driving car, city, anime style",2.718457465698224
deepai_0_4_0_0.jpg,"bird, having icecream, city, anime style",2.959615092414733
deepai_7_0_0_1.jpg,"man, driving aircraft, city, realistic style",4.7996387232411415
deepai_7_6_1_0.jpg,"man, playing baseball, wild, anime style",3.114000050467705
dreamStudio_4_8_0_1.jpg,"snoppy, wearing hat, city, realistic style",0.6603543071542716
deepai_1_4_0_1.jpg,"cat, having icecream, city, realistic style",2.6342075267144347
deepai_1_14_1_0.jpg,"cat, wearing shirt, wild, anime style",2.201607301562853
deepai_10_4_0_1.jpg,"demon, having icecream, city, realistic style",3.030381323664956
dreamStudio_5_7_1_1.jpg,"teddy bear, wearing coat, wild, realistic style",1.410930667335621
deepai_2_14_0_1.jpg,"dog, wearing shirt, city, realistic style",4.052053274936504
deepai_3_1_1_0.jpg,"batman, driving bike, wild, anime style",3.3257967935455643
deepai_6_12_1_1.jpg,"kid, wearing coat, wild, realistic style",3.430942170765654
deepai_3_9_1_0.jpg,"batman, using CD, wild, anime style",2.4294659533919143
dreamStudio_4_0_0_1.jpg,"snoppy, having pizza, city, realistic style",2.80743887296815
deepai_6_10_1_0.jpg,"kid, using laptop, wild, anime style",2.353067325264472
dreamStudio_5_2_1_0.jpg,"teddy bear, playing football, wild, anime style",1.6575202493838808
dreamStudio_8_4_1_1.jpg,"alien, using CD, wild, realistic style",1.7201972027540398
dreamStudio_5_1_0_0.jpg,"teddy bear, playing baseball, city, anime style",2.124192109020657
dreamStudio_1_5_1_1.jpg,"cat, using laptop, wild, realistic style",3.4125308142653084
dreamStudio_0_4_0_0.jpg,"bird, using CD, city, anime style",0.3827219913437977
deepai_8_0_0_1.jpg,"woman, driving aircraft, city, realistic style",3.747633299515488
dreamStudio_8_4_0_0.jpg,"alien, using CD, city, anime style",1.6519876951817627
dreamStudio_4_5_0_0.jpg,"snoppy, using laptop, city, anime style",1.009097082284122
deepai_1_12_0_1.jpg,"cat, wearing coat, city, realistic style",2.969254872190509
dreamStudio_0_5_0_1.jpg,"bird, using laptop, city, realistic style",1.426088795637163
deepai_9_14_1_1.jpg,"alien, wearing shirt, wild, realistic style",3.847000230411578
dreamStudio_5_5_1_0.jpg,"teddy bear, using laptop, wild, anime style",1.6545504477288977
deepai_10_10_0_1.jpg,"demon, using laptop, city, realistic style",4.012272375175136
dreamStudio_5_9_0_0.jpg,"teddy bear, wearing shirt, city, anime style",2.035736051331169
deepai_10_1_1_0.jpg,"demon, driving bike, wild, anime style",2.8570426113638008
dreamStudio_1_4_0_0.jpg,"cat, using CD, city, anime style",1.1440568947067815
deepai_4_0_0_1.jpg,"snoppy, driving aircraft, city, realistic style",3.634923794985277
dreamStudio_8_4_0_1.jpg,"alien, using CD, city, realistic style",1.993308467762244
deepai_10_2_1_1.jpg,"demon, driving car, wild, realistic style",3.246706517633036
dreamStudio_2_1_0_1.jpg,"dog, playing baseball, city, realistic style",1.8566245231303689
dreamStudio_1_1_1_0.jpg,"cat, playing baseball, wild, anime style",1.0704634059549518
dreamStudio_7_0_0_0.jpg,"woman, having pizza, city, anime style",0.1067393573017811
dreamStudio_2_6_0_0.jpg,"dog, using phone, city, anime style",0.6212989995083149
deepai_11_3_1_0.jpg,"witch, having hamburger, wild, anime style",2.7046839219941945
deepai_2_5_1_0.jpg,"dog, having pizza, wild, anime style",3.0649874401673545
deepai_10_13_1_1.jpg,"demon, wearing hat, wild, realistic style",3.839178206584123
deepai_3_2_1_0.jpg,"batman, driving car, wild, anime style",3.444930088390292
deepai_5_12_0_1.jpg,"teddy bear, wearing coat, city, realistic style",3.4384464428125145
dreamStudio_8_2_1_1.jpg,"alien, playing football, wild, realistic style",0.6008160824881243
deepai_5_7_1_1.jpg,"teddy bear, playing football, wild, realistic style",4.042653167922772
deepai_10_9_0_0.jpg,"demon, using CD, city, anime style",2.860022791106849
deepai_10_3_1_1.jpg,"demon, having hamburger, wild, realistic style",3.9465888101726048
deepai_0_11_1_0.jpg,"bird, using phone, wild, anime style",3.3241957711148444
deepai_8_2_1_1.jpg,"woman, driving car, wild, realistic style",2.6559276752966983
deepai_10_4_1_1.jpg,"demon, having icecream, wild, realistic style",2.597428535320964
deepai_9_8_0_0.jpg,"alien, playing yoga, city, anime style",2.6311850032435435
deepai_2_10_1_1.jpg,"dog, using laptop, wild, realistic style",3.35709123663983
deepai_1_10_0_0.jpg,"cat, using laptop, city, anime style",2.0465949943726742
deepai_11_4_0_0.jpg,"witch, having icecream, city, anime style",3.3117239245315573
deepai_6_7_1_0.jpg,"kid, playing football, wild, anime style",2.620956915056489
deepai_0_9_0_1.jpg,"bird, using CD, city, realistic style",3.9638100881446254
deepai_5_7_0_1.jpg,"teddy bear, playing football, city, realistic style",2.530504233462958
deepai_8_7_0_1.jpg,"woman, playing football, city, realistic style",3.3825553771118733
deepai_5_7_0_0.jpg,"teddy bear, playing football, city, anime style",2.469420483466785
deepai_11_12_0_1.jpg,"witch, wearing coat, city, realistic style",2.291632023261146
deepai_10_5_1_1.jpg,"demon, having pizza, wild, realistic style",2.2749748720856515
deepai_6_8_1_1.jpg,"kid, playing yoga, wild, realistic style",2.1383547387299378
deepai_8_5_0_0.jpg,"woman, having pizza, city, anime style",3.1219857898886163
deepai_1_6_0_0.jpg,"cat, playing baseball, city, anime style",2.785716567504222
deepai_7_8_0_1.jpg,"man, playing yoga, city, realistic style",2.000055176489848
dreamStudio_8_3_1_0.jpg,"alien, playing yoga, wild, anime style",1.7149436552909818
dreamStudio_0_5_1_1.jpg,"bird, using laptop, wild, realistic style",1.679159866381535
deepai_4_1_1_1.jpg,"snoppy, driving bike, wild, realistic style",2.7867812116887616
deepai_5_13_1_0.jpg,"teddy bear, wearing hat, wild, anime style",3.828755210178215
dreamStudio_0_7_0_1.jpg,"bird, wearing coat, city, realistic style",1.2790566945412811
deepai_8_4_1_1.jpg,"woman, having icecream, wild, realistic style",2.608129096661288
deepai_7_10_1_1.jpg,"man, using laptop, wild, realistic style",2.681156006050529
deepai_4_10_0_0.jpg,"snoppy, using laptop, city, anime style",2.9168619996506737
deepai_11_11_1_0.jpg,"witch, using phone, wild, anime style",3.331565843499116
dreamStudio_1_9_1_0.jpg,"cat, wearing shirt, wild, anime style",1.8309334121257927
dreamStudio_6_1_1_0.jpg,"man, playing baseball, wild, anime style",2.038736549645135
dreamStudio_5_3_1_1.jpg,"teddy bear, playing yoga, wild, realistic style",1.32819179065294
dreamStudio_0_6_1_1.jpg,"bird, using phone, wild, realistic style",2.111719241884582
dreamStudio_5_4_1_0.jpg,"teddy bear, using CD, wild, anime style",1.875162945845952
deepai_0_4_0_1.jpg,"bird, having icecream, city, realistic style",2.4629856966610832
deepai_1_12_0_0.jpg,"cat, wearing coat, city, anime style",4.031783586140512
dreamStudio_5_6_1_1.jpg,"teddy bear, using phone, wild, realistic style",1.6604823604067434
dreamStudio_6_7_0_1.jpg,"man, wearing coat, city, realistic style",2.143723081796024
dreamStudio_3_0_0_0.jpg,"batman, having pizza, city, anime style",3.271610191637056
dreamStudio_6_0_1_0.jpg,"man, having pizza, wild, anime style",0.6892008989220204
deepai_7_10_1_0.jpg,"man, using laptop, wild, anime style",2.6193338678926845
deepai_9_11_0_1.jpg,"alien, using phone, city, realistic style",2.589617507984696
dreamStudio_1_3_1_0.jpg,"cat, playing yoga, wild, anime style",1.1390567623141024
deepai_7_3_0_1.jpg,"man, having hamburger, city, realistic style",3.112203730316986
deepai_9_0_0_1.jpg,"alien, driving aircraft, city, realistic style",4.074428849489113
deepai_4_4_1_1.jpg,"snoppy, having icecream, wild, realistic style",2.152638679510321
deepai_9_10_1_0.jpg,"alien, using laptop, wild, anime style",2.575683320080231
dreamStudio_4_0_0_0.jpg,"snoppy, having pizza, city, anime style",2.434500738880317
deepai_2_12_0_0.jpg,"dog, wearing coat, city, anime style",3.3311549929896285
deepai_7_4_0_1.jpg,"man, having icecream, city, realistic style",3.161614359625016
dreamStudio_3_5_1_0.jpg,"batman, using laptop, wild, anime style",1.7184715988486992
deepai_6_13_1_0.jpg,"kid, wearing hat, wild, anime style",2.9403292201104363
dreamStudio_1_7_1_1.jpg,"cat, wearing coat, wild, realistic style",2.10429384008324
dreamStudio_7_0_1_0.jpg,"woman, having pizza, wild, anime style",0.3068200179843752
deepai_1_0_1_0.jpg,"cat, driving aircraft, wild, anime style",3.2830132385885658
dreamStudio_5_3_0_1.jpg,"teddy bear, playing yoga, city, realistic style",2.042997904798838
dreamStudio_8_2_0_1.jpg,"alien, playing football, city, realistic style",1.5588021355971555
deepai_2_11_0_0.jpg,"dog, using phone, city, anime style",3.2012423726004897
dreamStudio_5_1_1_1.jpg,"teddy bear, playing baseball, wild, realistic style",2.379808221342409
dreamStudio_6_4_0_1.jpg,"man, using CD, city, realistic style",0.0
deepai_2_0_0_0.jpg,"dog, driving aircraft, city, anime style",3.171515930712673
dreamStudio_0_5_0_0.jpg,"bird, using laptop, city, anime style",1.1021340460391404
deepai_2_0_0_1.jpg,"dog, driving aircraft, city, realistic style",3.534867006840639
dreamStudio_0_5_1_0.jpg,"bird, using laptop, wild, anime style",1.163358572808168
deepai_3_1_0_1.jpg,"batman, driving bike, city, realistic style",2.513180164283358
deepai_2_3_1_1.jpg,"dog, having hamburger, wild, realistic style",2.878035072591181
deepai_7_12_1_0.jpg,"man, wearing coat, wild, anime style",3.661717474097475
dreamStudio_2_5_0_0.jpg,"dog, using laptop, city, anime style",1.469804069660975
deepai_0_14_1_0.jpg,"bird, wearing shirt, wild, anime style",2.730899468491693
deepai_10_6_0_1.jpg,"demon, playing baseball, city, realistic style",3.0307056838826893
dreamStudio_6_3_0_0.jpg,"man, playing yoga, city, anime style",1.470180656152043
dreamStudio_6_5_0_0.jpg,"man, using laptop, city, anime style",2.002489484942369
deepai_0_3_0_1.jpg,"bird, having hamburger, city, realistic style",3.3751293125081734
deepai_0_14_1_1.jpg,"bird, wearing shirt, wild, realistic style",3.473402250548638
deepai_5_1_1_1.jpg,"teddy bear, driving bike, wild, realistic style",2.210641460826271
dreamStudio_0_2_0_0.jpg,"bird, playing football, city, anime style",1.3983363961593775
dreamStudio_8_6_1_0.jpg,"alien, using phone, wild, anime style",1.6804163029926713
deepai_3_3_0_0.jpg,"batman, having hamburger, city, anime style",3.2407455079931053
dreamStudio_2_2_1_1.jpg,"dog, playing football, wild, realistic style",1.6197561991284068
dreamStudio_4_8_1_0.jpg,"snoppy, wearing hat, wild, anime style",2.0890911051307586
deepai_7_7_0_1.jpg,"man, playing football, city, realistic style",3.205538052990965
dreamStudio_2_9_1_1.jpg,"dog, wearing shirt, wild, realistic style",2.4228851175632737
dreamStudio_8_0_1_1.jpg,"alien, having pizza, wild, realistic style",2.290224560637543
deepai_5_10_0_0.jpg,"teddy bear, using laptop, city, anime style",3.0850241295616243
dreamStudio_2_3_1_1.jpg,"dog, playing yoga, wild, realistic style",1.932730695037664
deepai_0_1_1_0.jpg,"bird, driving bike, wild, anime style",2.751209997568689
dreamStudio_1_6_0_1.jpg,"cat, using phone, city, realistic style",1.429493567774191
dreamStudio_4_7_1_1.jpg,"snoppy, wearing coat, wild, realistic style",1.7432286666450123
deepai_10_2_0_0.jpg,"demon, driving car, city, anime style",2.627467751999846
deepai_2_12_1_1.jpg,"dog, wearing coat, wild, realistic style",3.328766891308784
dreamStudio_7_7_1_0.jpg,"woman, wearing coat, wild, anime style",2.086825817120173
deepai_7_1_1_0.jpg,"man, driving bike, wild, anime style",3.2629218605635284
deepai_4_2_1_0.jpg,"snoppy, driving car, wild, anime style",2.412942149009845
deepai_5_13_0_1.jpg,"teddy bear, wearing hat, city, realistic style",3.29352298593892
dreamStudio_4_6_1_1.jpg,"snoppy, using phone, wild, realistic style",0.7748473040382261
deepai_4_5_1_0.jpg,"snoppy, having pizza, wild, anime style",2.1595991437554125
deepai_3_8_0_1.jpg,"batman, playing yoga, city, realistic style",3.3184416124470264
deepai_2_10_0_0.jpg,"dog, using laptop, city, anime style",2.712378650704436
dreamStudio_0_2_0_1.jpg,"bird, playing football, city, realistic style",1.9684211563162408
deepai_9_1_0_0.jpg,"alien, driving bike, city, anime style",3.0721723285621696
deepai_1_9_1_0.jpg,"cat, using CD, wild, anime style",2.236711514637918
deepai_8_4_0_1.jpg,"woman, having icecream, city, realistic style",2.597195796571933
dreamStudio_6_0_1_1.jpg,"man, having pizza, wild, realistic style",1.6963994027167075
deepai_0_9_0_0.jpg,"bird, using CD, city, anime style",2.993216220561516
dreamStudio_0_9_1_1.jpg,"bird, wearing shirt, wild, realistic style",1.9019250137878103
deepai_2_0_1_0.jpg,"dog, driving aircraft, wild, anime style",3.150398035141507
dreamStudio_7_2_1_0.jpg,"woman, playing football, wild, anime style",2.693873638714269
deepai_0_14_0_1.jpg,"bird, wearing shirt, city, realistic style",3.7092467706470655
deepai_3_14_0_0.jpg,"batman, wearing shirt, city, anime style",3.4781963848383683
deepai_1_2_1_0.jpg,"cat, driving car, wild, anime style",2.919788543066456
deepai_8_13_1_0.jpg,"woman, wearing hat, wild, anime style",2.9425245092357386
deepai_4_1_0_0.jpg,"snoppy, driving bike, city, anime style",3.032433383027502
deepai_3_14_1_1.jpg,"batman, wearing shirt, wild, realistic style",4.351910770338763
deepai_8_3_0_1.jpg,"woman, having hamburger, city, realistic style",1.9244608434635508
deepai_6_1_0_0.jpg,"kid, driving bike, city, anime style",2.6737273207733048
deepai_5_11_0_1.jpg,"teddy bear, using phone, city, realistic style",2.0755960114048624
deepai_10_10_1_1.jpg,"demon, using laptop, wild, realistic style",2.932330746285457
deepai_0_7_0_1.jpg,"bird, playing football, city, realistic style",3.0942994650339286
deepai_4_8_1_1.jpg,"snoppy, playing yoga, wild, realistic style",1.5806964716776903
deepai_9_8_1_0.jpg,"alien, playing yoga, wild, anime style",2.644918559535732
deepai_2_3_1_0.jpg,"dog, having hamburger, wild, anime style",2.3741160748195163
deepai_9_10_1_1.jpg,"alien, using laptop, wild, realistic style",2.9794136153509467
dreamStudio_1_6_1_1.jpg,"cat, using phone, wild, realistic style",1.8307420092003417
deepai_9_13_0_0.jpg,"alien, wearing hat, city, anime style",2.392298883473615
deepai_10_0_1_1.jpg,"demon, driving aircraft, wild, realistic style",2.3650055076680125
deepai_9_7_0_1.jpg,"alien, playing football, city, realistic style",3.321081687817445
dreamStudio_2_0_1_1.jpg,"dog, having pizza, wild, realistic style",1.5114382929777463
deepai_6_11_0_0.jpg,"kid, using phone, city, anime style",2.707922326113526
deepai_10_7_0_0.jpg,"demon, playing football, city, anime style",3.249184644366676
deepai_4_14_1_1.jpg,"snoppy, wearing shirt, wild, realistic style",1.665117755668704
deepai_6_9_1_1.jpg,"kid, using CD, wild, realistic style",3.080003877608525
deepai_10_3_1_0.jpg,"demon, having hamburger, wild, anime style",3.017095533901073
deepai_9_5_0_1.jpg,"alien, having pizza, city, realistic style",2.3372205503339747
deepai_10_3_0_1.jpg,"demon, having hamburger, city, realistic style",2.2892013134949347
dreamStudio_4_1_0_0.jpg,"snoppy, playing baseball, city, anime style",1.7287925635232857
dreamStudio_1_7_0_0.jpg,"cat, wearing coat, city, anime style",1.2693288598085584
deepai_2_8_1_0.jpg,"dog, playing yoga, wild, anime style",3.939044940215048
deepai_2_5_0_0.jpg,"dog, having pizza, city, anime style",2.4387814663428653
deepai_11_12_0_0.jpg,"witch, wearing coat, city, anime style",2.5098412990858043
deepai_0_12_1_1.jpg,"bird, wearing coat, wild, realistic style",3.367134900737525
dreamStudio_1_2_1_1.jpg,"cat, playing football, wild, realistic style",1.893555782906615
dreamStudio_4_2_1_0.jpg,"snoppy, playing football, wild, anime style",0.008490800310405
dreamStudio_6_1_0_0.jpg,"man, playing baseball, city, anime style",1.997680755475142
dreamStudio_3_8_0_0.jpg,"batman, wearing hat, city, anime style",2.3240835236594646
deepai_8_12_1_0.jpg,"woman, wearing coat, wild, anime style",2.981151657552118
deepai_3_8_1_1.jpg,"batman, playing yoga, wild, realistic style",2.8586809687821217
deepai_7_9_0_0.jpg,"man, using CD, city, anime style",3.30650558692515
dreamStudio_8_0_0_1.jpg,"alien, having pizza, city, realistic style",2.1671465806485664
deepai_7_14_1_1.jpg,"man, wearing shirt, wild, realistic style",3.325960058419524
deepai_1_3_0_0.jpg,"cat, having hamburger, city, anime style",2.308561794556081
dreamStudio_1_9_1_1.jpg,"cat, wearing shirt, wild, realistic style",2.287012044295131
dreamStudio_6_3_1_0.jpg,"man, playing yoga, wild, anime style",2.410097843340841
deepai_4_13_1_0.jpg,"snoppy, wearing hat, wild, anime style",3.1261969822577425
deepai_2_13_1_1.jpg,"dog, wearing hat, wild, realistic style",2.7778682663987047
deepai_1_4_1_0.jpg,"cat, having icecream, wild, anime style",2.811922031598051
deepai_11_5_1_1.jpg,"witch, having pizza, wild, realistic style",2.8300192032533995
deepai_9_6_0_0.jpg,"alien, playing baseball, city, anime style",3.187209133247893
deepai_4_5_0_1.jpg,"snoppy, having pizza, city, realistic style",2.633650069997241
deepai_3_10_0_0.jpg,"batman, using laptop, city, anime style",3.153887369590602
deepai_2_7_0_0.jpg,"dog, playing football, city, anime style",3.032213378682538
dreamStudio_2_7_0_1.jpg,"dog, wearing coat, city, realistic style",2.7236504106464454
dreamStudio_6_2_0_0.jpg,"man, playing football, city, anime style",2.7065505983567864
deepai_1_7_0_1.jpg,"cat, playing football, city, realistic style",2.8517551576327533
deepai_6_3_0_0.jpg,"kid, having hamburger, city, anime style",3.278519640228407
deepai_3_5_1_1.jpg,"batman, having pizza, wild, realistic style",2.7205041589939376
deepai_6_2_1_0.jpg,"kid, driving car, wild, anime style",2.6684869266830984
deepai_6_14_1_0.jpg,"kid, wearing shirt, wild, anime style",2.0339964090092595
deepai_11_5_1_0.jpg,"witch, having pizza, wild, anime style",2.5411916414304305
deepai_6_10_1_1.jpg,"kid, using laptop, wild, realistic style",2.9951740676733123
deepai_4_8_0_1.jpg,"snoppy, playing yoga, city, realistic style",2.124997707710464
deepai_8_6_0_1.jpg,"woman, playing baseball, city, realistic style",2.351402491133749
deepai_11_10_0_0.jpg,"witch, using laptop, city, anime style",2.7823650739440304
deepai_6_11_1_0.jpg,"kid, using phone, wild, anime style",3.328843498631207
dreamStudio_1_4_1_1.jpg,"cat, using CD, wild, realistic style",2.073280654002608
dreamStudio_0_9_0_1.jpg,"bird, wearing shirt, city, realistic style",1.7435714850840756
deepai_0_1_1_1.jpg,"bird, driving bike, wild, realistic style",2.915541194578608
deepai_4_14_1_0.jpg,"snoppy, wearing shirt, wild, anime style",2.798210796571025
deepai_4_12_0_0.jpg,"snoppy, wearing coat, city, anime style",3.3377868448958505
dreamStudio_3_8_1_1.jpg,"batman, wearing hat, wild, realistic style",1.8836778366727824
deepai_6_3_1_0.jpg,"kid, having hamburger, wild, anime style",2.98772948362993
deepai_10_9_1_1.jpg,"demon, using CD, wild, realistic style",4.631433586799989
dreamStudio_6_7_1_1.jpg,"man, wearing coat, wild, realistic style",1.8107170019066383
deepai_10_11_0_0.jpg,"demon, using phone, city, anime style",2.63963160134726
deepai_4_5_1_1.jpg,"snoppy, having pizza, wild, realistic style",2.584904263030004
deepai_1_1_0_1.jpg,"cat, driving bike, city, realistic style",2.0356427853424925
deepai_7_2_0_1.jpg,"man, driving car, city, realistic style",2.572057629086884
deepai_1_9_0_0.jpg,"cat, using CD, city, anime style",3.758498819243418
deepai_8_14_1_0.jpg,"woman, wearing shirt, wild, anime style",2.576886120364101
dreamStudio_4_5_1_0.jpg,"snoppy, using laptop, wild, anime style",1.3755384178451684
deepai_4_4_0_1.jpg,"snoppy, having icecream, city, realistic style",2.4169909293741743
deepai_5_5_0_1.jpg,"teddy bear, having pizza, city, realistic style",2.359354758610893
dreamStudio_6_0_0_1.jpg,"man, having pizza, city, realistic style",2.764259977190518
deepai_0_13_1_1.jpg,"bird, wearing hat, wild, realistic style",2.069925036745892
deepai_10_0_1_0.jpg,"demon, driving aircraft, wild, anime style",3.030489542581559
deepai_3_13_1_1.jpg,"batman, wearing hat, wild, realistic style",3.440372617111778
dreamStudio_8_1_1_0.jpg,"alien, playing baseball, wild, anime style",0.9118339419051784
deepai_4_11_1_1.jpg,"snoppy, using phone, wild, realistic style",1.940901000044912
deepai_1_2_0_0.jpg,"cat, driving car, city, anime style",3.135996942865934
dreamStudio_2_9_1_0.jpg,"dog, wearing shirt, wild, anime style",1.405972679236448
deepai_3_2_0_1.jpg,"batman, driving car, city, realistic style",3.4304189780668803
deepai_1_13_0_1.jpg,"cat, wearing hat, city, realistic style",2.589072847313763
deepai_9_1_1_0.jpg,"alien, driving bike, wild, anime style",3.0610045349917856
deepai_11_13_1_1.jpg,"witch, wearing hat, wild, realistic style",2.903225572390995
deepai_8_0_1_0.jpg,"woman, driving aircraft, wild, anime style",2.3292625590395697
deepai_0_14_0_0.jpg,"bird, wearing shirt, city, anime style",3.01785011693714
deepai_0_5_1_0.jpg,"bird, having pizza, wild, anime style",2.826682958729372
dreamStudio_1_5_0_1.jpg,"cat, using laptop, city, realistic style",0.7627666391235025
dreamStudio_6_2_1_0.jpg,"man, playing football, wild, anime style",0.3404259554370622
deepai_7_2_1_0.jpg,"man, driving car, wild, anime style",2.4572562767927835
dreamStudio_8_2_1_0.jpg,"alien, playing football, wild, anime style",1.2457617644991386
dreamStudio_1_3_0_1.jpg,"cat, playing yoga, city, realistic style",2.044701979089826
dreamStudio_4_3_0_1.jpg,"snoppy, playing yoga, city, realistic style",1.4388633354555282
dreamStudio_7_3_1_0.jpg,"woman, playing yoga, wild, anime style",2.164131686167601
deepai_10_7_0_1.jpg,"demon, playing football, city, realistic style",3.247177642374567
dreamStudio_8_6_0_0.jpg,"alien, using phone, city, anime style",1.519423971180305
dreamStudio_1_9_0_1.jpg,"cat, wearing shirt, city, realistic style",1.9689715408044348
deepai_10_2_0_1.jpg,"demon, driving car, city, realistic style",3.3537951785381392
dreamStudio_5_0_1_1.jpg,"teddy bear, having pizza, wild, realistic style",1.871349418862749
deepai_6_12_1_0.jpg,"kid, wearing coat, wild, anime style",2.688305220796834
dreamStudio_8_5_1_0.jpg,"alien, using laptop, wild, anime style",0.4797795231209372
deepai_10_10_1_0.jpg,"demon, using laptop, wild, anime style",2.6190404654104644
deepai_7_7_1_1.jpg,"man, playing football, wild, realistic style",2.7754014934828386
dreamStudio_3_7_1_0.jpg,"batman, wearing coat, wild, anime style",1.9503297084781528
deepai_9_5_1_1.jpg,"alien, having pizza, wild, realistic style",2.8668830231756943
deepai_0_12_0_0.jpg,"bird, wearing coat, city, anime style",2.4569882665449083
dreamStudio_7_5_1_1.jpg,"woman, using laptop, wild, realistic style",2.033295166192222
dreamStudio_7_4_0_0.jpg,"woman, using CD, city, anime style",1.8210563187611244
deepai_7_11_1_0.jpg,"man, using phone, wild, anime style",2.1698694822774027
deepai_4_12_1_0.jpg,"snoppy, wearing coat, wild, anime style",4.103205410620863
dreamStudio_2_2_0_0.jpg,"dog, playing football, city, anime style",1.5607982027402727
deepai_5_1_1_0.jpg,"teddy bear, driving bike, wild, anime style",2.096095680484215
dreamStudio_1_2_0_0.jpg,"cat, playing football, city, anime style",1.6006537430092052
deepai_11_2_0_1.jpg,"witch, driving car, city, realistic style",3.377608974439368
deepai_9_4_1_1.jpg,"alien, having icecream, wild, realistic style",2.409125055091046
deepai_8_9_1_1.jpg,"woman, using CD, wild, realistic style",3.124016645636525
deepai_9_13_1_0.jpg,"alien, wearing hat, wild, anime style",2.2624216406247504
deepai_11_7_1_0.jpg,"witch, playing football, wild, anime style",3.2544703919355555
deepai_5_7_1_0.jpg,"teddy bear, playing football, wild, anime style",3.2637903246912674
deepai_10_14_0_0.jpg,"demon, wearing shirt, city, anime style",2.702524139257621
deepai_3_4_0_0.jpg,"batman, having icecream, city, anime style",3.1531033318420185
deepai_3_3_1_1.jpg,"batman, having hamburger, wild, realistic style",3.173247492901318
deepai_0_2_1_0.jpg,"bird, driving car, wild, anime style",2.6803007270463564
deepai_1_7_0_0.jpg,"cat, playing football, city, anime style",3.58999010494731
deepai_5_12_1_0.jpg,"teddy bear, wearing coat, wild, anime style",3.617908219007967
deepai_5_6_1_1.jpg,"teddy bear, playing baseball, wild, realistic style",2.2285790401608465
deepai_10_5_0_0.jpg,"demon, having pizza, city, anime style",3.0349798346588126
deepai_7_12_1_1.jpg,"man, wearing coat, wild, realistic style",3.1058702896332253
deepai_10_5_1_0.jpg,"demon, having pizza, wild, anime style",2.647091991187731
deepai_9_3_1_0.jpg,"alien, having hamburger, wild, anime style",2.568051289124297
deepai_3_6_0_0.jpg,"batman, playing baseball, city, anime style",2.436990901760123
deepai_2_14_0_0.jpg,"dog, wearing shirt, city, anime style",3.932313307275917
deepai_8_2_0_1.jpg,"woman, driving car, city, realistic style",2.810297384737349
dreamStudio_3_5_0_0.jpg,"batman, using laptop, city, anime style",2.03315975591004
deepai_9_2_0_1.jpg,"alien, driving car, city, realistic style",3.066436132573106
dreamStudio_2_9_0_0.jpg,"dog, wearing shirt, city, anime style",1.9746865649295764
deepai_10_13_0_1.jpg,"demon, wearing hat, city, realistic style",3.2606689790980607
deepai_8_0_1_1.jpg,"woman, driving aircraft, wild, realistic style",3.986808698071111
deepai_2_3_0_0.jpg,"dog, having hamburger, city, anime style",3.1743896910941927
deepai_5_9_1_1.jpg,"teddy bear, using CD, wild, realistic style",3.066778004750098
deepai_10_0_0_1.jpg,"demon, driving aircraft, city, realistic style",5.0
dreamStudio_4_5_0_1.jpg,"snoppy, using laptop, city, realistic style",0.5429391250171022
dreamStudio_4_9_1_1.jpg,"snoppy, wearing shirt, wild, realistic style",0.9848180437747156
dreamStudio_6_5_1_0.jpg,"man, using laptop, wild, anime style",2.0129468065850507
deepai_11_11_1_1.jpg,"witch, using phone, wild, realistic style",2.504721562208033
deepai_8_8_1_1.jpg,"woman, playing yoga, wild, realistic style",3.369019243670635
deepai_9_12_1_1.jpg,"alien, wearing coat, wild, realistic style",1.9382961032042705
deepai_4_6_1_0.jpg,"snoppy, playing baseball, wild, anime style",3.2181379863422763
deepai_0_11_1_1.jpg,"bird, using phone, wild, realistic style",2.3602495612350465
dreamStudio_0_1_0_1.jpg,"bird, playing baseball, city, realistic style",1.912454429555248
deepai_6_11_1_1.jpg,"kid, using phone, wild, realistic style",3.352088947365486
deepai_1_1_0_0.jpg,"cat, driving bike, city, anime style",2.705923805980506
dreamStudio_2_8_1_1.jpg,"dog, wearing hat, wild, realistic style",2.0842609076913727
dreamStudio_1_1_1_1.jpg,"cat, playing baseball, wild, realistic style",1.948792108246292
deepai_7_9_1_1.jpg,"man, using CD, wild, realistic style",3.8983886717805647
deepai_10_7_1_1.jpg,"demon, playing football, wild, realistic style",2.853056497003065
dreamStudio_7_9_1_1.jpg,"woman, wearing shirt, wild, realistic style",2.1513196735694904
deepai_6_13_0_0.jpg,"kid, wearing hat, city, anime style",3.4377702344793915
dreamStudio_4_9_1_0.jpg,"snoppy, wearing shirt, wild, anime style",0.4379193722076035
deepai_5_5_1_0.jpg,"teddy bear, having pizza, wild, anime style",2.796797314021924
deepai_11_14_1_0.jpg,"witch, wearing shirt, wild, anime style",3.243599567782988
deepai_5_3_1_1.jpg,"teddy bear, having hamburger, wild, realistic style",2.931455705471293
deepai_11_12_1_0.jpg,"witch, wearing coat, wild, anime style",2.6763420034855376
dreamStudio_6_9_0_0.jpg,"man, wearing shirt, city, anime style",0.0
dreamStudio_0_7_1_1.jpg,"bird, wearing coat, wild, realistic style",2.062763773204901
deepai_11_0_1_0.jpg,"witch, driving aircraft, wild, anime style",2.3189215360229154
deepai_11_9_0_0.jpg,"witch, using CD, city, anime style",2.085660383574618
deepai_2_6_0_0.jpg,"dog, playing baseball, city, anime style",2.714455744974736
deepai_2_11_0_1.jpg,"dog, using phone, city, realistic style",3.141792994118258
dreamStudio_6_5_1_1.jpg,"man, using laptop, wild, realistic style",1.4321909393765384
dreamStudio_8_2_0_0.jpg,"alien, playing football, city, anime style",1.6851138037924662
dreamStudio_4_6_0_1.jpg,"snoppy, using phone, city, realistic style",0.9674980370732872
dreamStudio_7_1_1_0.jpg,"woman, playing baseball, wild, anime style",2.27765015731272
dreamStudio_5_2_1_1.jpg,"teddy bear, playing football, wild, realistic style",2.1223064176758086
dreamStudio_4_6_1_0.jpg,"snoppy, using phone, wild, anime style",1.0047727687234218
dreamStudio_6_7_0_0.jpg,"man, wearing coat, city, anime style",0.8208627480703239
deepai_9_1_1_1.jpg,"alien, driving bike, wild, realistic style",3.842143990584013
dreamStudio_0_4_1_1.jpg,"bird, using CD, wild, realistic style",1.454908089997902
dreamStudio_2_9_0_1.jpg,"dog, wearing shirt, city, realistic style",2.14080927278431
deepai_10_4_0_0.jpg,"demon, having icecream, city, anime style",2.2623370465619703
dreamStudio_3_6_0_1.jpg,"batman, using phone, city, realistic style",1.2366872604972896
deepai_9_9_0_1.jpg,"alien, using CD, city, realistic style",2.852939438900782
deepai_2_9_1_1.jpg,"dog, using CD, wild, realistic style",3.195561612069928
deepai_7_6_0_0.jpg,"man, playing baseball, city, anime style",3.2472977424022345
deepai_6_2_1_1.jpg,"kid, driving car, wild, realistic style",3.061975913187648
deepai_8_0_0_0.jpg,"woman, driving aircraft, city, anime style",2.9883708711837063
deepai_0_13_1_0.jpg,"bird, wearing hat, wild, anime style",2.055584546985154
dreamStudio_2_8_0_0.jpg,"dog, wearing hat, city, anime style",1.5311689832778734
deepai_8_5_0_1.jpg,"woman, having pizza, city, realistic style",3.088725123864893
dreamStudio_5_4_1_1.jpg,"teddy bear, using CD, wild, realistic style",1.9091143219873856
deepai_11_8_0_1.jpg,"witch, playing yoga, city, realistic style",2.247585516224938
deepai_6_4_1_1.jpg,"kid, having icecream, wild, realistic style",3.467604863109257
dreamStudio_1_2_0_1.jpg,"cat, playing football, city, realistic style",1.3715906907755355
deepai_10_0_0_0.jpg,"demon, driving aircraft, city, anime style",3.0786193542293656
dreamStudio_7_4_1_1.jpg,"woman, using CD, wild, realistic style",1.2171330201946875
deepai_8_10_1_1.jpg,"woman, using laptop, wild, realistic style",2.817816219787151
deepai_4_4_0_0.jpg,"snoppy, having icecream, city, anime style",3.0102820653648323
deepai_1_6_1_1.jpg,"cat, playing baseball, wild, realistic style",2.2012977037823984
dreamStudio_2_3_1_0.jpg,"dog, playing yoga, wild, anime style",1.3318305733769449
deepai_8_10_1_0.jpg,"woman, using laptop, wild, anime style",2.5515148563795904
deepai_10_2_1_0.jpg,"demon, driving car, wild, anime style",2.820043973375797
dreamStudio_7_3_0_0.jpg,"woman, playing yoga, city, anime style",1.5728543899320089
deepai_6_13_0_1.jpg,"kid, wearing hat, city, realistic style",3.118111660390578
deepai_2_1_0_0.jpg,"dog, driving bike, city, anime style",3.0778533852009686
deepai_9_0_0_0.jpg,"alien, driving aircraft, city, anime style",3.362415078672566
dreamStudio_4_4_1_0.jpg,"snoppy, using CD, wild, anime style",0.357142961875818
deepai_0_13_0_1.jpg,"bird, wearing hat, city, realistic style",3.0596697236777057
deepai_4_9_1_0.jpg,"snoppy, using CD, wild, anime style",2.029141473194196
deepai_11_10_1_0.jpg,"witch, using laptop, wild, anime style",2.3745176962183394
dreamStudio_2_6_1_0.jpg,"dog, using phone, wild, anime style",0.4939116906372789
dreamStudio_3_9_1_0.jpg,"batman, wearing shirt, wild, anime style",2.024806224784504
deepai_3_6_1_1.jpg,"batman, playing baseball, wild, realistic style",2.6505689190917074
deepai_5_0_0_0.jpg,"teddy bear, driving aircraft, city, anime style",2.8637052215711987
deepai_6_5_1_0.jpg,"kid, having pizza, wild, anime style",2.681324827058128
deepai_10_11_1_0.jpg,"demon, using phone, wild, anime style",2.4312882225379044
deepai_2_4_0_1.jpg,"dog, having icecream, city, realistic style",2.809210683645168
dreamStudio_3_8_1_0.jpg,"batman, wearing hat, wild, anime style",1.3456918142874903
deepai_11_2_1_0.jpg,"witch, driving car, wild, anime style",2.795129470140373
deepai_4_13_0_0.jpg,"snoppy, wearing hat, city, anime style",3.353090726535936
deepai_5_0_0_1.jpg,"teddy bear, driving aircraft, city, realistic style",2.6715714622989166
deepai_5_11_0_0.jpg,"teddy bear, using phone, city, anime style",3.3009815762243164
dreamStudio_3_2_0_1.jpg,"batman, playing football, city, realistic style",1.281986247707892
deepai_7_7_0_0.jpg,"man, playing football, city, anime style",2.8817534728122784
deepai_2_3_0_1.jpg,"dog, having hamburger, city, realistic style",2.133697782526752
dreamStudio_7_5_0_0.jpg,"woman, using laptop, city, anime style",1.5478824844232255
deepai_11_14_0_0.jpg,"witch, wearing shirt, city, anime style",2.365754756387961
deepai_8_13_0_0.jpg,"woman, wearing hat, city, anime style",2.3891942899395704
deepai_2_12_1_0.jpg,"dog, wearing coat, wild, anime style",3.221897876998213
deepai_7_7_1_0.jpg,"man, playing football, wild, anime style",3.054931382173066
deepai_0_6_1_1.jpg,"bird, playing baseball, wild, realistic style",1.698700921136731
deepai_10_10_0_0.jpg,"demon, using laptop, city, anime style",3.265666848567644
deepai_10_11_0_1.jpg,"demon, using phone, city, realistic style",2.91589539858616
deepai_1_1_1_1.jpg,"cat, driving bike, wild, realistic style",2.745344671875632
deepai_2_8_0_1.jpg,"dog, playing yoga, city, realistic style",2.705511841949165
deepai_3_5_1_0.jpg,"batman, having pizza, wild, anime style",3.660929480335993
deepai_0_6_0_0.jpg,"bird, playing baseball, city, anime style",2.8894452529900434
dreamStudio_0_1_0_0.jpg,"bird, playing baseball, city, anime style",2.1137625359283225
dreamStudio_5_8_0_0.jpg,"teddy bear, wearing hat, city, anime style",2.234014204677764
deepai_9_0_1_1.jpg,"alien, driving aircraft, wild, realistic style",4.422065847326173
deepai_2_8_1_1.jpg,"dog, playing yoga, wild, realistic style",3.941698261927383
dreamStudio_1_8_1_1.jpg,"cat, wearing hat, wild, realistic style",1.6796354426785414
dreamStudio_2_5_1_1.jpg,"dog, using laptop, wild, realistic style",2.3333977325979136
dreamStudio_7_4_0_1.jpg,"woman, using CD, city, realistic style",0.7778861900671352
dreamStudio_2_5_0_1.jpg,"dog, using laptop, city, realistic style",2.095401867222767
dreamStudio_5_5_1_1.jpg,"teddy bear, using laptop, wild, realistic style",1.578947800103294
dreamStudio_5_5_0_0.jpg,"teddy bear, using laptop, city, anime style",1.29589366321556
deepai_7_6_1_1.jpg,"man, playing baseball, wild, realistic style",3.328557915205721
deepai_1_6_0_1.jpg,"cat, playing baseball, city, realistic style",2.9967846153229334
dreamStudio_5_7_1_0.jpg,"teddy bear, wearing coat, wild, anime style",1.7030040628335092
deepai_0_7_0_0.jpg,"bird, playing football, city, anime style",2.738010958749252
dreamStudio_4_4_1_1.jpg,"snoppy, using CD, wild, realistic style",0.2255610875511961
dreamStudio_1_5_0_0.jpg,"cat, using laptop, city, anime style",1.1158548062850675
dreamStudio_8_8_1_1.jpg,"alien, wearing hat, wild, realistic style",1.7484202019631438
deepai_7_11_1_1.jpg,"man, using phone, wild, realistic style",2.690271739834527
deepai_2_14_1_1.jpg,"dog, wearing shirt, wild, realistic style",3.1332438396968483
dreamStudio_8_6_1_1.jpg,"alien, using phone, wild, realistic style",0.5480513389463769
dreamStudio_7_6_0_1.jpg,"woman, using phone, city, realistic style",2.1005999792273227
deepai_7_3_1_1.jpg,"man, having hamburger, wild, realistic style",3.7992165426380593
deepai_6_8_0_0.jpg,"kid, playing yoga, city, anime style",2.133249397595325
deepai_5_6_1_0.jpg,"teddy bear, playing baseball, wild, anime style",2.100385637057428
deepai_1_13_1_1.jpg,"cat, wearing hat, wild, realistic style",2.7271819211397594
dreamStudio_4_5_1_1.jpg,"snoppy, using laptop, wild, realistic style",0.6058618644677124
dreamStudio_6_1_1_1.jpg,"man, playing baseball, wild, realistic style",1.9037484935533948
deepai_9_12_0_1.jpg,"alien, wearing coat, city, realistic style",3.299845986892422
deepai_3_14_1_0.jpg,"batman, wearing shirt, wild, anime style",2.3494490638267127
dreamStudio_6_4_1_0.jpg,"man, using CD, wild, anime style",1.6302245490129883
deepai_9_5_0_0.jpg,"alien, having pizza, city, anime style",3.0937565101013225
dreamStudio_5_6_0_1.jpg,"teddy bear, using phone, city, realistic style",1.6443954615708634
deepai_6_7_1_1.jpg,"kid, playing football, wild, realistic style",2.103653199357197
deepai_4_9_1_1.jpg,"snoppy, using CD, wild, realistic style",2.7427699149330462
deepai_8_7_1_0.jpg,"woman, playing football, wild, anime style",2.591266040775753
dreamStudio_0_6_1_0.jpg,"bird, using phone, wild, anime style",1.3728229457719208
deepai_5_2_0_0.jpg,"teddy bear, driving car, city, anime style",2.839028128598567
deepai_8_1_0_1.jpg,"woman, driving bike, city, realistic style",3.874209179838025
deepai_3_0_1_0.jpg,"batman, driving aircraft, wild, anime style",2.827278635054044
deepai_7_10_0_1.jpg,"man, using laptop, city, realistic style",3.6514819563548326
deepai_11_10_1_1.jpg,"witch, using laptop, wild, realistic style",3.1421845335372525
deepai_1_2_1_1.jpg,"cat, driving car, wild, realistic style",4.187626336861447
deepai_3_13_0_1.jpg,"batman, wearing hat, city, realistic style",3.6245457009147017
deepai_5_6_0_1.jpg,"teddy bear, playing baseball, city, realistic style",2.2553757294477146
deepai_8_4_1_0.jpg,"woman, having icecream, wild, anime style",3.222871907618316
deepai_8_13_1_1.jpg,"woman, wearing hat, wild, realistic style",3.756146094679007
deepai_0_7_1_0.jpg,"bird, playing football, wild, anime style",2.957250257837281
deepai_4_7_1_0.jpg,"snoppy, playing football, wild, anime style",2.7128678759168667
dreamStudio_5_8_1_0.jpg,"teddy bear, wearing hat, wild, anime style",1.724126767710579
dreamStudio_5_9_0_1.jpg,"teddy bear, wearing shirt, city, realistic style",2.044533348149034
deepai_6_1_1_0.jpg,"kid, driving bike, wild, anime style",2.7658658089271424
deepai_2_6_0_1.jpg,"dog, playing baseball, city, realistic style",2.9599723065969545
dreamStudio_8_9_0_0.jpg,"alien, wearing shirt, city, anime style",1.4402272437316934
deepai_2_11_1_0.jpg,"dog, using phone, wild, anime style",2.0391760015741336
deepai_9_10_0_1.jpg,"alien, using laptop, city, realistic style",3.829408646526677
deepai_6_11_0_1.jpg,"kid, using phone, city, realistic style",3.8882798919703663
deepai_2_2_0_0.jpg,"dog, driving car, city, anime style",2.614009079174036
dreamStudio_7_1_0_0.jpg,"woman, playing baseball, city, anime style",2.052147216991875
dreamStudio_2_0_0_1.jpg,"dog, having pizza, city, realistic style",1.480003166927374
dreamStudio_2_3_0_0.jpg,"dog, playing yoga, city, anime style",1.501376572808389
deepai_3_6_0_1.jpg,"batman, playing baseball, city, realistic style",4.754489838164117
deepai_3_13_1_0.jpg,"batman, wearing hat, wild, anime style",2.7878529154537786
deepai_11_0_1_1.jpg,"witch, driving aircraft, wild, realistic style",3.404970192248589
deepai_3_0_1_1.jpg,"batman, driving aircraft, wild, realistic style",4.192577548839857
deepai_2_4_1_1.jpg,"dog, having icecream, wild, realistic style",2.2089578111476307
deepai_7_14_1_0.jpg,"man, wearing shirt, wild, anime style",3.5880527440900547
deepai_5_10_0_1.jpg,"teddy bear, using laptop, city, realistic style",2.702805598986583
deepai_1_5_1_1.jpg,"cat, having pizza, wild, realistic style",2.320564252027644
deepai_6_0_1_1.jpg,"kid, driving aircraft, wild, realistic style",3.7681219403529407
dreamStudio_8_3_1_1.jpg,"alien, playing yoga, wild, realistic style",1.4573714632379542
deepai_9_10_0_0.jpg,"alien, using laptop, city, anime style",3.5158617413961406
deepai_9_7_1_1.jpg,"alien, playing football, wild, realistic style",2.581406163262106
dreamStudio_1_9_0_0.jpg,"cat, wearing shirt, city, anime style",1.37302629145063
deepai_2_11_1_1.jpg,"dog, using phone, wild, realistic style",3.329703586941285
dreamStudio_3_8_0_1.jpg,"batman, wearing hat, city, realistic style",1.4697050798550366
deepai_8_11_1_0.jpg,"woman, using phone, wild, anime style",2.458275956999795
dreamStudio_3_3_0_1.jpg,"batman, playing yoga, city, realistic style",2.074998863384064
deepai_3_10_1_1.jpg,"batman, using laptop, wild, realistic style",3.4373668139493336
dreamStudio_2_7_1_1.jpg,"dog, wearing coat, wild, realistic style",1.8005307619048536
deepai_2_10_0_1.jpg,"dog, using laptop, city, realistic style",3.5702962339921034
deepai_7_4_1_1.jpg,"man, having icecream, wild, realistic style",3.0305187007619967
deepai_6_0_0_1.jpg,"kid, driving aircraft, city, realistic style",4.326972474989733
dreamStudio_3_1_0_1.jpg,"batman, playing baseball, city, realistic style",1.7394649129452426
deepai_7_2_0_0.jpg,"man, driving car, city, anime style",3.2485555890673017
deepai_0_8_1_1.jpg,"bird, playing yoga, wild, realistic style",1.6631885099764177
deepai_9_3_1_1.jpg,"alien, having hamburger, wild, realistic style",2.414117275034084
deepai_5_5_1_1.jpg,"teddy bear, having pizza, wild, realistic style",2.691815559426226
deepai_4_13_0_1.jpg,"snoppy, wearing hat, city, realistic style",2.6813799664083926
dreamStudio_2_1_1_0.jpg,"dog, playing baseball, wild, anime style",1.6984800639226043
deepai_8_11_1_1.jpg,"woman, using phone, wild, realistic style",2.977643086303248
dreamStudio_7_8_1_1.jpg,"woman, wearing hat, wild, realistic style",2.511615823405414
deepai_4_5_0_0.jpg,"snoppy, having pizza, city, anime style",2.6916339423723654
dreamStudio_1_8_1_0.jpg,"cat, wearing hat, wild, anime style",3.1625633557612045
deepai_11_5_0_0.jpg,"witch, having pizza, city, anime style",2.5874283321778
deepai_5_14_0_1.jpg,"teddy bear, wearing shirt, city, realistic style",2.432397862874528
deepai_8_1_1_0.jpg,"woman, driving bike, wild, anime style",2.634430540810227
